"site","site_name","Sample_id","depth","mg.Carbon","C_percent","site_type","type"
"RIDG","RIDG_01","RIDG_01A_kmd","0-5",0.631,7.2,"ridgetop mineral soil","kmd"
"RIDG","RIDG_01","RIDG_01B_kmd","5-10",0.1333,1.6,"ridgetop mineral soil","kmd"
"RIDG","RIDG_01","RIDG_01C_kmd","10-15",0.0199,0.2,"ridgetop mineral soil","kmd"
"RIDG","RIDG_01","RIDG_01D_kmd","15-20",0.0326,0.4,"ridgetop mineral soil","kmd"
"RIDG","RIDG_01","RIDG_01E_kmd","20-25",0.0207,0.2,"ridgetop mineral soil","kmd"
"RIDG","RIDG_01","RIDG_01F_kmd","25-30",0.0199,0.2,"ridgetop mineral soil","kmd"
"EELS","EELS_01","EELS_01A_kmd","0-5",0.171,2.1,"valley mineral soil","kmd"
"EELS","EELS_01","EELS_01B_kmd","5-10",0.0701,0.9,"valley mineral soil","kmd"
"EELS","EELS_01","EELS_01C_kmd","10-15",0.0641,0.8,"valley mineral soil","kmd"
"EELS","EELS_01","EELS_01D_kmd","15-20",0.0424,0.5,"valley mineral soil","kmd"
"EELS","EELS_01","EELS_01E_kmd","20-25",0.0339,0.4,"valley mineral soil","kmd"
"EELS","EELS_01","EELS_01F_kmd","25-30",0.0211,0.3,"valley mineral soil","kmd"
"SALM","SALM_01","SALM_01A_kmd","0-5",0.0649,0.7,"ridgetop mineral soil","kmd"
"SALM","SALM_01","SALM_01B_kmd","5-10",0.0868,1,"ridgetop mineral soil","kmd"
"SALM","SALM_01","SALM_01C_kmd","10-15",0.0585,0.7,"ridgetop mineral soil","kmd"
"SALM","SALM_01","SALM_01D_kmd","15-20",0.0415,0.5,"ridgetop mineral soil","kmd"
"SALM","SALM_01","SALM_01E_kmd","20-25",0.0351,0.4,"ridgetop mineral soil","kmd"
"SALM","SALM_01","SALM_01F_kmd","25-30",0.045,0.5,"ridgetop mineral soil","kmd"
"WOLF","WOLF_01","WOLF_01A_kmd","0-5",0.087,1.1,"hillslope mineral soil","kmd"
"WOLF","WOLF_01","WOLF_01B_kmd","5-10",0.048,0.6,"hillslope mineral soil","kmd"
"WOLF","WOLF_01","WOLF_01C_kmd","10-15",0.0203,0.2,"hillslope mineral soil","kmd"
"WOLF","WOLF_01","WOLF_01D_kmd","15-20",0.0137,0.2,"hillslope mineral soil","kmd"
"WOLF","WOLF_01","WOLF_01E_kmd","20-25",0.0139,0.2,"hillslope mineral soil","kmd"
"WOLF","WOLF_01","WOLF_01F_kmd","25-30",0.0094,0.1,"hillslope mineral soil","kmd"
"GOG","GOG_01","GOG_01A_kmd","0-5",0.0527,0.6,"ridgetop mineral soil","kmd"
"GOG","GOG_01","GOG_01B_kmd","5-10",0.0797,0.9,"ridgetop mineral soil","kmd"
"GOG","GOG_01","GOG_01C_kmd","10-15",0.0517,0.6,"ridgetop mineral soil","kmd"
"GOG","GOG_01","GOG_01D_kmd","15-20",0.0336,0.4,"ridgetop mineral soil","kmd"
"GOG","GOG_01","GOG_01E_kmd","20-25",0.0196,0.2,"ridgetop mineral soil","kmd"
"GOG","GOG_01","GOG_01F_kmd","25-30",0.018,0.2,"ridgetop mineral soil","kmd"
"WORF","WORF_01","WORF_01A_kmd","0-5",0.1001,1.1,"hillslope mineral soil","kmd"
"WORF","WORF_01","WORF_01B_kmd","5-10",0.447,5.2,"hillslope mineral soil","kmd"
"WORF","WORF_01","WORF_01C_kmd","10-15",0.0812,1,"hillslope mineral soil","kmd"
"RIDG","RIDG_01","RIDG_01A","0-5",3.1202,34.5,"ridgetop mineral soil","raw"
"RIDG","RIDG_01","RIDG_01B","5-10",0.7658,8.9,"ridgetop mineral soil","raw"
"RIDG","RIDG_01","RIDG_01C","10-15",0.2606,3.2,"ridgetop mineral soil","raw"
"RIDG","RIDG_01","RIDG_01D","15-20",0.0547,0.7,"ridgetop mineral soil","raw"
"RIDG","RIDG_01","RIDG_01E","20-25",0.1055,1.3,"ridgetop mineral soil","raw"
"RIDG","RIDG_01","RIDG_01F","25-30",0.1024,1.2,"ridgetop mineral soil","raw"
"EELS","EELS_01","EELS_01A","0-5",1.8259,22.6,"valley mineral soil","raw"
"EELS","EELS_01","EELS_01B","5-10",1.002,11.6,"valley mineral soil","raw"
"EELS","EELS_01","EELS_01C","10-15",0.4345,5.3,"valley mineral soil","raw"
"EELS","EELS_01","EELS_01D","15-20",0.3389,4.1,"valley mineral soil","raw"
"EELS","EELS_01","EELS_01E","20-25",0.1881,2.1,"valley mineral soil","raw"
"EELS","EELS_01","EELS_01F","25-30",0.1649,2,"valley mineral soil","raw"
"SALM","SALM_01","SALM_01A","0-5",0.5512,6.9,"ridgetop mineral soil","raw"
"SALM","SALM_01","SALM_01B","5-10",0.965,11.8,"ridgetop mineral soil","raw"
"SALM","SALM_01","SALM_01C","10-15",0.5375,6.7,"ridgetop mineral soil","raw"
"SALM","SALM_01","SALM_01D","15-20",0.4094,4.9,"ridgetop mineral soil","raw"
"SALM","SALM_01","SALM_01E","20-25",0.2297,2.6,"ridgetop mineral soil","raw"
"SALM","SALM_01","SALM_01F","25-30",0.3704,4.3,"ridgetop mineral soil","raw"
"WOLF","WOLF_01","WOLF_01A","0-5",0.6873,7.8,"hillslope mineral soil","raw"
"WOLF","WOLF_01","WOLF_01B","5-10",0.3212,3.9,"hillslope mineral soil","raw"
"WOLF","WOLF_01","WOLF_01C","10-15",0.268,1.5,"hillslope mineral soil","raw"
"WOLF","WOLF_01","WOLF_01D","15-20",0.1589,0.9,"hillslope mineral soil","raw"
"WOLF","WOLF_01","WOLF_01E","20-25",0.1299,0.7,"hillslope mineral soil","raw"
"WOLF","WOLF_01","WOLF_01F","25-30",0.0867,0.5,"hillslope mineral soil","raw"
"GOG","GOG_01","GOG_01A","0-5",0.5921,6.7,"ridgetop mineral soil","raw"
"GOG","GOG_01","GOG_01B","5-10",0.4676,5.4,"ridgetop mineral soil","raw"
"GOG","GOG_01","GOG_01C","10-15",0.2715,3.4,"ridgetop mineral soil","raw"
"GOG","GOG_01","GOG_01D","15-20",0.228,2.6,"ridgetop mineral soil","raw"
"GOG","GOG_01","GOG_01E","20-25",0.1013,1.2,"ridgetop mineral soil","raw"
"GOG","GOG_01","GOG_01F","25-30",0.1077,1.2,"ridgetop mineral soil","raw"
"WORF","WORF_01","WORF_01A","0-5",0.8214,9.6,"hillslope mineral soil","raw"
"WORF","WORF_01","WORF_01B","5-10",0.4296,5.2,"hillslope mineral soil","raw"
"WORF","WORF_01","WORF_01C","10-15",0.3765,4.7,"hillslope mineral soil","raw"
"WORF","WORF_01","WORF_01D","15-20",0.324,4,"hillslope mineral soil","raw"
"WORF","WORF_01","WORF_01E","20-25",0.1415,1.7,"hillslope mineral soil","raw"
"WORF","WORF_01","WORF_01F","25-30",0.1176,1.4,"hillslope mineral soil","raw"
"RIDG","RIDG_02","RIDG_02A_kmd","0-5",NA,2.84,"ridgetop mineral soil","kmd"
"RIDG","RIDG_02","RIDG_02B_kmd","5-10",NA,0.41,"ridgetop mineral soil","kmd"
"RIDG","RIDG_02","RIDG_02C_kmd","10-15",NA,0.57,"ridgetop mineral soil","kmd"
"RIDG","RIDG_02","RIDG_02D_kmd","15-20",NA,0.3,"ridgetop mineral soil","kmd"
"RIDG","RIDG_02","RIDG_02E_kmd","20-25",NA,0.31,"ridgetop mineral soil","kmd"
"RIDG","RIDG_02","RIDG_02F_kmd","25-30",NA,0.2,"ridgetop mineral soil","kmd"
"SALM","SALM_02","SALM_02A","0-5",NA,12.15,"hillslope mineral soil","raw"
"SALM","SALM_02","SALM_02B","5-10",NA,7.65,"hillslope mineral soil","raw"
"SALM","SALM_02","SALM_02C","10-15",NA,4.6,"hillslope mineral soil","raw"
"SALM","SALM_02","SALM_02D","15-20",NA,3.5,"hillslope mineral soil","raw"
"SALM","SALM_02","SALM_02E","20-25",NA,2.29,"hillslope mineral soil","raw"
"SALM","SALM_02","SALM_02F","25-30",NA,1.6,"hillslope mineral soil","raw"
"RIDG","RIDG_02","RIDG_02A","0-5",NA,11.52,"ridgetop mineral soil","raw"
"RIDG","RIDG_02","RIDG_02B","5-10",NA,3.46,"ridgetop mineral soil","raw"
"RIDG","RIDG_02","RIDG_02C","10-15",NA,2.05,"ridgetop mineral soil","raw"
"RIDG","RIDG_02","RIDG_02D","15-20",NA,1.65,"ridgetop mineral soil","raw"
"RIDG","RIDG_02","RIDG_02E","20-25",NA,1.71,"ridgetop mineral soil","raw"
"RIDG","RIDG_02","RIDG_02F","25-30",NA,0.64,"ridgetop mineral soil","raw"
"SALM","SALM_03","SALM_03A","0-5",NA,12.45,"ridgetop mineral soil","raw"
"SALM","SALM_03","SALM_03B","5-10",NA,10.34,"ridgetop mineral soil","raw"
"SALM","SALM_03","SALM_03C","10-15",NA,5.64,"ridgetop mineral soil","raw"
"SALM","SALM_03","SALM_03D","15-20",NA,0.8,"ridgetop mineral soil","raw"
"SALM","SALM_03","SALM_03E","20-25",NA,1.49,"ridgetop mineral soil","raw"
"SALM","SALM_03","SALM_03F","25-30",NA,3.85,"ridgetop mineral soil","raw"
"GOG","GOG_02","GOG_02A","0-5",NA,5.15,"ridgetop mineral soil","raw"
"GOG","GOG_02","GOG_02B","5-10",NA,5.69,"ridgetop mineral soil","raw"
"GOG","GOG_02","GOG_02C","10-15",NA,3.58,"ridgetop mineral soil","raw"
"GOG","GOG_02","GOG_02D","15-20",NA,2.01,"ridgetop mineral soil","raw"
"GOG","GOG_02","GOG_02E","20-25",NA,2.45,"ridgetop mineral soil","raw"
"GOG","GOG_02","GOG_02F","25-30",NA,1.27,"ridgetop mineral soil","raw"
"WOLF","WOLF_02","WOLF_02A","0-5",NA,9.61,"hillslope mineral soil","raw"
"WOLF","WOLF_02","WOLF_02B","5-10",NA,6.2,"hillslope mineral soil","raw"
"WOLF","WOLF_02","WOLF_02C","10-15",NA,3.68,"hillslope mineral soil","raw"
"WOLF","WOLF_02","WOLF_02D","15-20",NA,2.24,"hillslope mineral soil","raw"
"WOLF","WOLF_02","WOLF_02E","20-25",NA,1.59,"hillslope mineral soil","raw"
"WOLF","WOLF_02","WOLF_O2F","25-30",NA,1.08,"hillslope mineral soil","raw"
"WOLF","WOLF_03","WOLF_03A","0-5",NA,6.99,"ridgetop mineral soil","raw"
"WOLF","WOLF_03","WOLF_03B","5-10",NA,3.89,"ridgetop mineral soil","raw"
"WOLF","WOLF_03","WOLF_03C","10-15",NA,2.63,"ridgetop mineral soil","raw"
"WOLF","WOLF_03","WOLF_03D","15-20",NA,1.53,"ridgetop mineral soil","raw"
"WOLF","WOLF_03","WOLF_03E","20-25",NA,2.21,"ridgetop mineral soil","raw"
"WOLF","WOLF_03","WOLF_03F","25-30",NA,1.05,"ridgetop mineral soil","raw"
"WOLF","WOLF_04","WOLF_04A","0-5",NA,10.58,"ridgetop mineral soil","raw"
"WOLF","WOLF_04","WOLF_04B","5-10",NA,4.36,"ridgetop mineral soil","raw"
"WOLF","WOLF_04","WOLF_04C","10-15",NA,4.09,"ridgetop mineral soil","raw"
"WOLF","WOLF_04","WOLF_04D","15-20",NA,2.37,"ridgetop mineral soil","raw"
"WOLF","WOLF_04","WOLF_04E","20-25",NA,1.65,"ridgetop mineral soil","raw"
"WOLF","WOLF_04","WOLF_04F","25-30",NA,1.53,"ridgetop mineral soil","raw"
"WORF","WORF_05","WORF_05A","0-5",NA,4.05,"ridgetop mineral soil","raw"
"WORF","WORF_05","WORF_05B","5-10",NA,1.94,"ridgetop mineral soil","raw"
"WORF","WORF_05","WORF_05C","10-15",NA,1.75,"ridgetop mineral soil","raw"
"WORF","WORF_05","WORF_05D","15-20",NA,1.43,"ridgetop mineral soil","raw"
"WORF","WORF_05","WORF_05E","20-25",NA,1.12,"ridgetop mineral soil","raw"
"WORF","WORF_05","WORF_05F","25-30",NA,1.12,"ridgetop mineral soil","raw"
"WORF","WORF_02","WORF_02A","0-5",NA,33.88,"hillslope mineral soil","raw"
"WORF","WORF_02","WORF_02B","5-10",NA,32,"hillslope mineral soil","raw"
"WORF","WORF_02","WORF_02C","10-15",NA,8.93,"hillslope mineral soil","raw"
"WORF","WORF_02","WORF_02D","15-20",NA,4.19,"hillslope mineral soil","raw"
"WORF","WORF_02","WORF_02E","20-25",NA,5.34,"hillslope mineral soil","raw"
"WORF","WORF_02","WORF_02F","25-30",NA,5.58,"hillslope mineral soil","raw"
"WORF","WORF_03","WORF_03A","0-5",NA,6.91,"ridgetop mineral soil","raw"
"WORF","WORF_03","WORF_03B","5-10",NA,4.84,"ridgetop mineral soil","raw"
"WORF","WORF_03","WORF_03C","10-15",NA,3.19,"ridgetop mineral soil","raw"
"WORF","WORF_03","WORF_03D","15-20",NA,2.41,"ridgetop mineral soil","raw"
"WORF","WORF_03","WORF_03E","20-25",NA,1.99,"ridgetop mineral soil","raw"
"WORF","WORF_03","WORF_03F","25-30",NA,1.63,"ridgetop mineral soil","raw"
"WORF","WORF_04","WORF_04A","0-5",NA,6.9,"ridgetop mineral soil","raw"
"WORF","WORF_04","WORF_04B","5-10",NA,4.03,"ridgetop mineral soil","raw"
"WORF","WORF_04","WORF_04C","10-15",NA,1.1,"ridgetop mineral soil","raw"
"SALM","SALM_03","SALM_03D_kmd","15-20",0.04,0.5,"ridgetop mineral soil","kmd"
"SALM","SALM_03","SALM_03E_kmd","20-25",0.03,0.3,"ridgetop mineral soil","kmd"
"SALM","SALM_03","SALM_03F_kmd","25-30",0.03,0.3,"ridgetop mineral soil","kmd"
"SALM","SALM_02","SALM_02A_kmd","0-5",0.16,2,"hillslope mineral soil","kmd"
"SALM","SALM_02","SALM_02B_kmd","5-10",0.08,0.9,"hillslope mineral soil","kmd"
"SALM","SALM_02","SALM_02C_kmd","10-15",0.04,0.5,"hillslope mineral soil","kmd"
"SALM","SALM_02","SALM_02D_kmd","15-20",0.04,0.5,"hillslope mineral soil","kmd"
"SALM","SALM_02","SALM_02E_kmd","20-25",0.03,0.3,"hillslope mineral soil","kmd"
"SALM","SALM_02","SALM_02F_kmd","25-30",0.07,0.8,"hillslope mineral soil","kmd"
"GOG","GOG_02","GOG_02A_kmd","0-5",0.05,0.6,"ridgetop mineral soil","kmd"
"GOG","GOG_02","GOG_02B_kmd","5-10",0.1,1.1,"ridgetop mineral soil","kmd"
"GOG","GOG_02","GOG_02C_kmd","10-15",0.06,0.7,"ridgetop mineral soil","kmd"
"GOG","GOG_02","GOG_02D_kmd","15-20",0.04,0.4,"ridgetop mineral soil","kmd"
"GOG","GOG_02","GOG_02E_kmd","20-25",0.03,0.4,"ridgetop mineral soil","kmd"
"GOG","GOG_02","GOG_02F_kmd","25-30",0.02,0.2,"ridgetop mineral soil","kmd"
"SALM","SALM_03","SALM_03A_kmd","0-5",0.06,0.7,"ridgetop mineral soil","kmd"
"SALM","SALM_03","SALM_03B_kmd","5-10",0.08,0.9,"ridgetop mineral soil","kmd"
"SALM","SALM_03","SALM_03C_kmd","10-15",0.05,0.6,"ridgetop mineral soil","kmd"
"WOLF","WOLF_02","WOLF_02A_kmd","0-5",0.1,1.2,"hillslope mineral soil","kmd"
"WOLF","WOLF_02","WOLF_02B_kmd","5-10",0.08,1,"hillslope mineral soil","kmd"
"WOLF","WOLF_02","WOLF_02C_kmd","10-15",0.05,0.7,"hillslope mineral soil","kmd"
"WOLF","WOLF_02","WOLF_02D_kmd","15-20",0.04,0.4,"hillslope mineral soil","kmd"
"WOLF","WOLF_02","WOLF_02E_kmd","20-25",0.02,0.3,"hillslope mineral soil","kmd"
"WOLF","WOLF_02","WOLF_02F_kmd","25-30",0.02,0.2,"hillslope mineral soil","kmd"
"WOLF","WOLF_03","WOLF_03A_kmd","0-5",0.09,1,"ridgetop mineral soil","kmd"
"WOLF","WOLF_03","WOLF_03B_kmd","5-10",0.06,0.7,"ridgetop mineral soil","kmd"
"WOLF","WOLF_03","WOLF_03C_kmd","10-15",0.03,0.4,"ridgetop mineral soil","kmd"
"WOLF","WOLF_03","WOLF_03D_kmd","15-20",0.02,0.2,"ridgetop mineral soil","kmd"
"WOLF","WOLF_03","WOLF_03E_kmd","20-25",0.03,0.3,"ridgetop mineral soil","kmd"
"WOLF","WOLF_03","WOLF_03F_kmd","25-30",0.02,0.3,"ridgetop mineral soil","kmd"
"WOLF","WOLF_04","WOLF_04A_kmd","0-5",0.11,1.3,"ridgetop mineral soil","kmd"
"WOLF","WOLF_04","WOLF_04B_kmd","5-10",0.06,0.7,"ridgetop mineral soil","kmd"
"WOLF","WOLF_04","WOLF_04C_kmd","10-15",0.05,0.7,"ridgetop mineral soil","kmd"
"WOLF","WOLF_04","WOLF_04D_kmd","15-20",0.03,0.4,"ridgetop mineral soil","kmd"
"WOLF","WOLF_04","WOLF_04E_kmd","20-25",0.02,0.3,"ridgetop mineral soil","kmd"
"WOLF","WOLF_04","WOLF_04F_kmd","25-30",0.03,0.3,"ridgetop mineral soil","kmd"
"WORF","WORF_04","WORF_04D","15-20",0.08,0.9,"ridgetop mineral soil","raw"
"WORF","WORF_04","WORF_04E","20-25",0.07,0.8,"ridgetop mineral soil","raw"
"WORF","WORF_04","WORF_04F","25-30",0.12,1.5,"ridgetop mineral soil","raw"
"WORF","WORF_01","WORF_01D_kmd","15-20",0.09,1.1,"hillslope mineral soil","kmd"
"WORF","WORF_01","WORF_01E_kmd","20-25",0.04,0.5,"hillslope mineral soil","kmd"
"WORF","WORF_01","WORF_01F_kmd","25-30",0.04,0.4,"hillslope mineral soil","kmd"
"WORF","WORF_02","WORF_02A_kmd","0-5",0.75,8.7,"hillslope mineral soil","kmd"
"WORF","WORF_02","WORF_02B_kmd","5-10",0.55,6.7,"hillslope mineral soil","kmd"
"WORF","WORF_02","WORF_02C_kmd","10-15",0.13,1.4,"hillslope mineral soil","kmd"
"WORF","WORF_02","WORF_02D_kmd","15-20",0.06,0.7,"hillslope mineral soil","kmd"
"WORF","WORF_02","WORF_02E_kmd","20-25",0.08,0.9,"hillslope mineral soil","kmd"
"WORF","WORF_02","WORF_02F_kmd","25-30",0.08,0.9,"hillslope mineral soil","kmd"
"WORF","WORF_03","WORF_03A_kmd","0-5",0.06,0.7,"ridgetop mineral soil","kmd"
"WORF","WORF_03","WORF_03B_kmd","5-10",0.05,0.6,"ridgetop mineral soil","kmd"
"WORF","WORF_03","WORF_03C_kmd","10-15",0.04,0.5,"ridgetop mineral soil","kmd"
"WORF","WORF_03","WORF_03D_kmd","15-20",0.04,0.4,"ridgetop mineral soil","kmd"
"WORF","WORF_03","WORF_03E_kmd","20-25",0.03,0.4,"ridgetop mineral soil","kmd"
"WORF","WORF_03","WORF_03F_kmd","25-30",0.03,0.3,"ridgetop mineral soil","kmd"
"WORF","WORF_04","WORF_04A_kmd","0-5",0.08,0.9,"ridgetop mineral soil","kmd"
"WORF","WORF_04","WORF_04B_kmd","5-10",0.04,0.4,"ridgetop mineral soil","kmd"
"WORF","WORF_04","WORF_04C_kmd","10-15",0.033241549,0.39,"ridgetop mineral soil","kmd"
"WORF","WORF_04","WORF_04D_kmd","15-20",0.016880089,0.21,"ridgetop mineral soil","kmd"
"WORF","WORF_04","WORF_04E_kmd","20-25",0.016455742,0.19,"ridgetop mineral soil","kmd"
"WORF","WORF_04","WORF_04F_kmd","25-30",0.015984266,0.2,"ridgetop mineral soil","kmd"
"WORF","WORF_05","WORF_05A_kmd","0-5",0.063042921,0.71,"ridgetop mineral soil","kmd"
"WORF","WORF_05","WORF_05B_kmd","5-10",0.045829666,0.51,"ridgetop mineral soil","kmd"
"WORF","WORF_05","WORF_05C_kmd","10-15",0.029752324,0.34,"ridgetop mineral soil","kmd"
"WORF","WORF_05","WORF_05D_kmd","15-20",0.024471449,0.3,"ridgetop mineral soil","kmd"
"WORF","WORF_05","WORF_05E_kmd","20-25",0.020416389,0.24,"ridgetop mineral soil","kmd"
"WORF","WORF_05","WORF_05F_kmd","25-30",0.021076579,0.25,"ridgetop mineral soil","kmd"
