new_this_round,citation_key,site_name,fire_year_CE,evidence_type,confidence,notes
,Carroll_Sillett_VanPelt_2018,Montgomery Woods SNR,1985,Anatomical fire indicator (living-tree core),Documented/confirmed fire,Used as a calibration fire for the method.
,Carroll_Sillett_VanPelt_2018,Montgomery Woods SNR,1999,Anatomical fire indicator (living-tree core),Documented/confirmed fire,Used as a calibration fire for the method.
,Carroll_Sillett_VanPelt_2018,Montgomery Woods SNR,2008,Anatomical fire indicator (living-tree core),Documented/confirmed fire,"Used as a calibration fire. Independently confirmed by Ramage et al. (2010), who also sampled Montgomery Woods post-fire — same June 20, 2008 lightning complex."
,Carroll_Sillett_VanPelt_2018,Landels-Hill Big Creek Reserve,1634,Anatomical fire indicator (living-tree core),Potential fire — earliest of 5 additional events,Earliest bound only; 4 additional event years between 1634 and the documented fires not recoverable from available summary.
NEW,Ramage_OHara_Caldwell_2010,"Jackson DSF, Montgomery Woods SP, Eureka Canyon Forest, Big Sur/Monterey sites (4 sites, range-wide)",2008,Documented modern wildfire (field-surveyed 1 yr post-fire),"Documented/confirmed — June 20, 2008 lightning-ignited fire complex",Not tree-ring evidence — direct field observation. Cross-validates the 2008 fire year used by Carroll et al. (2018) at Montgomery Woods.
NEW,Brown_Swetnam_1994,"Prairie Creek (PRC) / Prairie Creek North (PRN), Redwood NP",1714,"Fire scar + multiple fire-associated features (growth release, etc.)","Very high — widespread, ≥25% of sampled trees",Earliest confidently cross-dated fire; scarred/influenced all 8 trees alive that year. Growth increases (releases) widely recorded starting 1714.
NEW,Brown_Swetnam_1994,"Prairie Creek (PRC) / Prairie Creek North (PRN), Redwood NP",1729,Fire scar / fire-associated ring feature,High — marked as ≥25% threshold year in Fig. 4,
NEW,Brown_Swetnam_1994,"Prairie Creek (PRC) / Prairie Creek North (PRN), Redwood NP",1735,Fire scar / fire-associated ring feature,High — marked as ≥25% threshold year in Fig. 4,
NEW,Brown_Swetnam_1994,"Prairie Creek (PRC) / Prairie Creek North (PRN), Redwood NP",1745,Traumatic resin ducts (PRC5); fire scar recorded elsewhere on same sample,High — marked as ≥25% threshold year in Fig. 4,See Fig. 7 of the paper.
NEW,Brown_Swetnam_1994,"Prairie Creek (PRC) / Prairie Creek North (PRN), Redwood NP",1752,"Fire scar (PRC16, elsewhere on sample) + 'fire rings' (micro-rings) in 1753-1754",High — marked as ≥25% threshold year in Fig. 4,Only sample in the study with fire rings persisting 2 years after a fire event (see Fig. 8).
NEW,Brown_Swetnam_1994,"Prairie Creek (PRC) / Prairie Creek North (PRN), Redwood NP",1774,"Fire scar / fire-associated ring feature on 3 trees (PRC2, PRC5, PRC8)","Moderate — below the 25% marked threshold, explicitly discussed in text",Short-interval fire (3-5 yr) preceding the larger 1777 fire on the same 3 trees.
NEW,Brown_Swetnam_1994,"Prairie Creek (PRC) / Prairie Creek North (PRN), Redwood NP",1777,Fire scar or other fire-associated ring characteristic on 10 of 12 trees,Very high — marked as ≥25% threshold year in Fig. 4,One of the two most widely recorded fire years in the chronology besides 1714.
NEW,Brown_Swetnam_1994,"Prairie Creek (PRC) / Prairie Creek North (PRN), Redwood NP",1808,Ring separation (PRC17) between 1808/1809; dormant-season fire scar recorded elsewhere on same sample,High — marked as ≥25% threshold year in Fig. 4,Conventionally assigned to 1808 per dormant-season fire-scar dating convention (see Fig. 6 of the paper).
NEW,Brown_Swetnam_1994,"Prairie Creek (PRC) / Prairie Creek North (PRN), Redwood NP",1848,Fire scar / fire-associated ring feature,High — marked as ≥25% threshold year in Fig. 4,
NEW,Stuart_1987,"Bull Creek watershed, Humboldt Redwoods SP",1940,2 fire scar(s); 3 basal sprout(s) established; 1 conifer(s) established,"High (1898-1940, best-documented period)",Interval from previous fire: 4 yr.
NEW,Stuart_1987,"Bull Creek watershed, Humboldt Redwoods SP",1936,11 basal sprout(s) established; 2 conifer(s) established,"High (1898-1940, best-documented period)",Interval from previous fire: 6 yr.
NEW,Stuart_1987,"Bull Creek watershed, Humboldt Redwoods SP",1930,8 basal sprout(s) established,"High (1898-1940, best-documented period)",Interval from previous fire: 3 yr.
NEW,Stuart_1987,"Bull Creek watershed, Humboldt Redwoods SP",1927,1 fire scar(s); 5 basal sprout(s) established; 1 conifer(s) established,"High (1898-1940, best-documented period)",Interval from previous fire: 4 yr.
NEW,Stuart_1987,"Bull Creek watershed, Humboldt Redwoods SP",1923,4 basal sprout(s) established,"High (1898-1940, best-documented period)",Interval from previous fire: 4 yr.
NEW,Stuart_1987,"Bull Creek watershed, Humboldt Redwoods SP",1919,13 basal sprout(s) established; 6 conifer(s) established,"High (1898-1940, best-documented period)",Interval from previous fire: 6 yr.
NEW,Stuart_1987,"Bull Creek watershed, Humboldt Redwoods SP",1913,1 fire scar(s); 3 basal sprout(s) established; 1 conifer(s) established,"High (1898-1940, best-documented period)",Interval from previous fire: 4 yr.
NEW,Stuart_1987,"Bull Creek watershed, Humboldt Redwoods SP",1909,6 basal sprout(s) established; 4 conifer(s) established,"High (1898-1940, best-documented period)",Interval from previous fire: 5 yr.
NEW,Stuart_1987,"Bull Creek watershed, Humboldt Redwoods SP",1904,8 basal sprout(s) established; 5 conifer(s) established,"High (1898-1940, best-documented period)",Interval from previous fire: 6 yr.
NEW,Stuart_1987,"Bull Creek watershed, Humboldt Redwoods SP",1898,2 fire scar(s); 6 basal sprout(s) established; 1 conifer(s) established,"High (1898-1940, best-documented period)",Interval from previous fire: 3 yr.
NEW,Stuart_1987,"Bull Creek watershed, Humboldt Redwoods SP",1895,4 basal sprout(s) established; 2 conifer(s) established,High (1875-1897),Interval from previous fire: 7 yr.
NEW,Stuart_1987,"Bull Creek watershed, Humboldt Redwoods SP",1888,15 basal sprout(s) established; 4 conifer(s) established,High (1875-1897),Interval from previous fire: 5 yr.
NEW,Stuart_1987,"Bull Creek watershed, Humboldt Redwoods SP",1883,6 basal sprout(s) established; 3 conifer(s) established,High (1875-1897),Interval from previous fire: 8 yr.
NEW,Stuart_1987,"Bull Creek watershed, Humboldt Redwoods SP",1875,4 basal sprout(s) established; 5 conifer(s) established,High (1875-1897),Interval from previous fire: 10 yr.
NEW,Stuart_1987,"Bull Creek watershed, Humboldt Redwoods SP",1865,1 fire scar(s); 6 basal sprout(s) established; 4 conifer(s) established,"Moderate (1726-1865, no agency fire records)",Interval from previous fire: 8 yr.
NEW,Stuart_1987,"Bull Creek watershed, Humboldt Redwoods SP",1857,7 basal sprout(s) established; 5 conifer(s) established,"Moderate (1726-1865, no agency fire records)",Interval from previous fire: 11 yr.
NEW,Stuart_1987,"Bull Creek watershed, Humboldt Redwoods SP",1846,5 basal sprout(s) established; 6 conifer(s) established,"Moderate (1726-1865, no agency fire records)",Interval from previous fire: 11 yr.
NEW,Stuart_1987,"Bull Creek watershed, Humboldt Redwoods SP",1835,4 fire scar(s); 5 basal sprout(s) established; 4 conifer(s) established,"Moderate (1726-1865, no agency fire records)",Interval from previous fire: 9 yr.
NEW,Stuart_1987,"Bull Creek watershed, Humboldt Redwoods SP",1826,3 basal sprout(s) established; 3 conifer(s) established,"Moderate (1726-1865, no agency fire records)",Interval from previous fire: 9 yr.
NEW,Stuart_1987,"Bull Creek watershed, Humboldt Redwoods SP",1817,4 basal sprout(s) established; 1 conifer(s) established,"Moderate (1726-1865, no agency fire records)",Interval from previous fire: 15 yr.
NEW,Stuart_1987,"Bull Creek watershed, Humboldt Redwoods SP",1802,1 fire scar(s); 7 basal sprout(s) established; 5 conifer(s) established,"Moderate (1726-1865, no agency fire records)",Interval from previous fire: 18 yr.
NEW,Stuart_1987,"Bull Creek watershed, Humboldt Redwoods SP",1784,5 basal sprout(s) established,"Moderate (1726-1865, no agency fire records)",Interval from previous fire: 20 yr.
NEW,Stuart_1987,"Bull Creek watershed, Humboldt Redwoods SP",1764,2 fire scar(s),"Moderate (1726-1865, no agency fire records)",Interval from previous fire: 16 yr.
NEW,Stuart_1987,"Bull Creek watershed, Humboldt Redwoods SP",1748,5 basal sprout(s) established; 1 conifer(s) established,"Moderate (1726-1865, no agency fire records)",Interval from previous fire: 9 yr.
NEW,Stuart_1987,"Bull Creek watershed, Humboldt Redwoods SP",1741,2 fire scar(s); 2 basal sprout(s) established,"Moderate (1726-1865, no agency fire records)",Interval from previous fire: 15 yr.
NEW,Stuart_1987,"Bull Creek watershed, Humboldt Redwoods SP",1726,6 basal sprout(s) established,"Moderate (1726-1865, no agency fire records)",Interval from previous fire: 19 yr.
NEW,Stuart_1987,"Bull Creek watershed, Humboldt Redwoods SP",1707,2 fire scar(s),"Lower — author's own 'incomplete data' label (pre-1707, small sample depth)",Interval from previous fire: 12 yr.
NEW,Stuart_1987,"Bull Creek watershed, Humboldt Redwoods SP",1695,2 basal sprout(s) established,"Lower — author's own 'incomplete data' label (pre-1707, small sample depth)",Interval from previous fire: 9 yr.
NEW,Stuart_1987,"Bull Creek watershed, Humboldt Redwoods SP",1686,2 basal sprout(s) established,"Lower — author's own 'incomplete data' label (pre-1707, small sample depth)",Interval from previous fire: 38 yr.
NEW,Stuart_1987,"Bull Creek watershed, Humboldt Redwoods SP",1648,2 basal sprout(s) established,"Lower — author's own 'incomplete data' label (pre-1707, small sample depth)",Interval from previous fire: 37 yr.
NEW,Stuart_1987,"Bull Creek watershed, Humboldt Redwoods SP",1611,2 basal sprout(s) established,"Lower — author's own 'incomplete data' label (pre-1707, small sample depth)",Interval from previous fire: 13 yr.
NEW,Stuart_1987,"Bull Creek watershed, Humboldt Redwoods SP",1598,1 fire scar(s); 1 basal sprout(s) established,"Lower — author's own 'incomplete data' label (pre-1707, small sample depth)",Interval from previous fire: 12 yr.
NEW,Stuart_1987,"Bull Creek watershed, Humboldt Redwoods SP",1586,1 basal sprout(s) established,"Lower — author's own 'incomplete data' label (pre-1707, small sample depth)",Interval from previous fire: 17 yr.
NEW,Stuart_1987,"Bull Creek watershed, Humboldt Redwoods SP",1569,1 fire scar(s),"Lower — author's own 'incomplete data' label (pre-1707, small sample depth)",Interval from previous fire: 63 yr.
NEW,Stuart_1987,"Bull Creek watershed, Humboldt Redwoods SP",1506,1 basal sprout(s) established,"Lower — author's own 'incomplete data' label (pre-1707, small sample depth)",Interval from previous fire: 11 yr.
NEW,Stuart_1987,"Bull Creek watershed, Humboldt Redwoods SP",1495,1 basal sprout(s) established,"Lower — author's own 'incomplete data' label (pre-1707, small sample depth)",Interval from previous fire: 26 yr.
NEW,Stuart_1987,"Bull Creek watershed, Humboldt Redwoods SP",1469,1 basal sprout(s) established,"Lower — author's own 'incomplete data' label (pre-1707, small sample depth)",Interval from previous fire: 139 yr.
NEW,Stuart_1987,"Bull Creek watershed, Humboldt Redwoods SP",1330,1 fire scar(s),"Lower — author's own 'incomplete data' label (pre-1707, small sample depth)",Interval from previous fire not given (earliest/incomplete record).
